property_id,neighborhood,neighborhood_ar,property_type,annual_rent_sar,area_sqm,bedrooms,bathrooms,furnishing,status,title_text,created_at,source_url,collection_date
C0055,An Narjis,النرجس,Compounds,110000,139.0,3,4,Unfurnished,Available,Satel at Opal on Thoumamah Road - 3 Bedrooms Apartment,2026-04-06T14:15:09.408Z,https://apiv2.satel.sa/property/filter,2026-09-11
C0087,Al Olaya,العليا,Apartments,160000,112.0,2,3,Fully furnished,Available,Olaris More Than Just a Place to Live,2026-07-27T11:56:07.417Z,https://apiv2.satel.sa/property/filter,2026-09-11
A0177,An Narjis,النرجس,Compounds,140000,132.0,3,3,Fully furnished,Available,Satel at Opal — New Furnished & Unfurnished Apartments,2025-09-18T08:36:48.027Z,https://apiv2.satel.sa/property/filter,2026-09-11
C0052,Al Malaz,حي الملز,Compounds,73000,95.0,2,2,Fully furnished,Rented out,La Brise Community – Furnished 2 Beds with Balcony for Rent,2026-03-17T20:01:56.262Z,https://apiv2.satel.sa/property/filter,2026-09-11
C0084,An Nakheel,حي النخيل,Villas,370000,460.0,6,6,Partially furnished,Rented out,"Creative Community Where Comfort, Privacy, and Luxury Come Together",2026-07-25T12:14:26.397Z,https://apiv2.satel.sa/property/filter,2026-09-11
V0044,An Nakheel,النخيل,Villas,200000,245.0,3,3,Fully furnished,Available,Creative Community | Luxury | Leisure | Location ,2026-04-06T11:15:05.151Z,https://apiv2.satel.sa/property/filter,2026-09-11
C0079,Al Olaya,العليا,Apartments,110000,120.0,2,2,Fully furnished,Available,Well-Appointed  2Bedroom Furnished Apartment,2026-07-23T07:30:58.395Z,https://apiv2.satel.sa/property/filter,2026-09-11
C0067,As Sulimaniyah,حي السليمانية,Apartments,103000,148.0,3,2,Unfurnished,Available,Duplex Near Kingdom Tower,2026-06-13T07:15:47.747Z,https://apiv2.satel.sa/property/filter,2026-09-11
V0041,Ar Rafiah,الرفيعة,Villas,220000,300.0,3,5,Fully furnished,Rented out,SATEL Rafilla Community | The Art of Executive Living in Riyadh,2026-01-25T11:22:48.414Z,https://apiv2.satel.sa/property/filter,2026-09-11
A0122,As Sulimaniyah,حي السليمانية,Duplex,130000,148.0,3,3,Fully furnished,Available,Satel Duplexes – Al Sulaymaniyah,2025-05-12T15:44:09.148Z,https://apiv2.satel.sa/property/filter,2026-09-11
C0082,Al Olaya,العليا,Apartments,80000,108.0,3,2,Partially furnished,Available,New Three Bedrooms Apartment in Al Olaya,2026-07-25T11:00:01.320Z,https://apiv2.satel.sa/property/filter,2026-09-11
C0086,Al Olaya,العليا,Apartments,70000,80.0,2,2,Partially furnished,Available,New Building in Al Olaya With Smart Living,2026-07-25T14:56:41.369Z,https://apiv2.satel.sa/property/filter,2026-09-11
C0078,An Nakheel,حي النخيل,Apartments,125000,133.0,3,4,Unfurnished,Rented out,Well-Lit 3BR Apartment in Al Nakheel,2026-07-21T07:31:29.219Z,https://apiv2.satel.sa/property/filter,2026-09-11
C0066,Al Olaya,العليا,Studio,120000,86.0,1,1,Fully furnished,Available,Olaris Residence | Serviced Residential Living in Al Olaya,2026-05-24T20:03:26.911Z,https://apiv2.satel.sa/property/filter,2026-09-11
C0080,Al Olaya,العليا,Apartments,85000,120.0,3,2,Partially furnished,Available,Bright and Spacious 3Bedroom Family Apartment,2026-07-25T07:32:49.738Z,https://apiv2.satel.sa/property/filter,2026-09-11
A0175,An Narjis,النرجس,Compounds,125000,147.0,3,3,Unfurnished,Available,Opal by Satel | Elevated Living in Al Narjis,2025-09-18T08:42:55.182Z,https://apiv2.satel.sa/property/filter,2026-09-11
C0088,Al Mohammadiyyah,,Apartments,140000,124.0,2,3,Fully furnished,Available,A Place to Live Work and Thrive ,2026-07-29T06:54:32.238Z,https://apiv2.satel.sa/property/filter,2026-09-11
C0085,Al Olaya,العليا,Apartments,70000,80.0,3,2,Partially furnished,Available,Brand New 3 Bedroom Home with Lifestyle Amenities,2026-07-25T16:18:47.917Z,https://apiv2.satel.sa/property/filter,2026-09-11
C0037,Al Olaya,حي العليا,Floor,90000,108.0,2,3,Unfurnished,Available,GF for Rent in Olaya,2025-10-23T14:28:48.134Z,https://apiv2.satel.sa/property/filter,2026-09-11
C0094,Al Olaya,العليا,Apartments,120000,120.0,2,3,Fully furnished,Available,Fully Furnished 2BR With Private Office in Al Olaya – Satel,2026-08-26T08:18:15.752Z,https://apiv2.satel.sa/property/filter,2026-09-11
C0096,Qurtubah,قرطبة,Villas,280000,460.0,4,6,Fully furnished,Available,New Villa in  Qurtubah,2026-08-28T08:35:51.701Z,https://apiv2.satel.sa/property/filter,2026-09-11
C0023,Al Malaz,الضباط,Floor,93000,312.0,3,4,Unfurnished,Available,New Floor in Malaz,2025-07-02T09:34:24.431Z,https://apiv2.satel.sa/property/filter,2026-09-11
C0077,Al Mathar Ash Shamali,حي المعذر الشمالي,Apartments,110000,111.0,3,4,Unfurnished,Available,Comfortable Unfurnished 3BR in Al Maathar with Private Rooftop Terrace,2026-07-18T11:37:08.461Z,https://apiv2.satel.sa/property/filter,2026-09-11
C0065,Al Olaya,العليا,Apartments,125000,100.0,2,2,Fully furnished,Available,Olaris Residence | Experience Serviced Living ,2026-05-24T15:57:28.137Z,https://apiv2.satel.sa/property/filter,2026-09-11
V0035,An Nakheel,النخيل,Villas,180000,245.0,3,3,Unfurnished,Available,Villa for Rent in Creative Community,2025-10-27T06:38:58.032Z,https://apiv2.satel.sa/property/filter,2026-09-11
C0098,Al Wurud,حي الورود,Apartments,120000,120.0,2,2,Fully furnished,Available,Furnished 2-Bedroom Apartment in Al Wurud | Move-In Ready,2026-09-01T13:57:10.811Z,https://apiv2.satel.sa/property/filter,2026-09-11
A0223,Al Aqiq,العقيق,Apartments,105000,90.0,2,2,Fully furnished,Available,2 Beds Furnished in a Family Community for Rent — Al Aqiq ,2026-04-26T15:31:11.583Z,https://apiv2.satel.sa/property/filter,2026-09-11
C0089,Alyasmin,النرجس,Villas,200000,232.0,4,5,Unfurnished,Rented out,The Perfect Choice for Your Family in Al Yasmin District,2026-08-02T14:08:58.564Z,https://apiv2.satel.sa/property/filter,2026-09-11
C0081,Al Olaya,العليا,Apartments,70000,108.0,3,2,Partially furnished,Available,Unfurnished 3BR Apartment with Gym ,2026-07-25T10:24:10.892Z,https://apiv2.satel.sa/property/filter,2026-09-11
C0064,Al Olaya,العليا,Apartments,125000,130.0,3,3,Fully furnished,Available,Furnished 3 Beds Family Apartment — Al Olaya,2026-05-24T10:30:19.040Z,https://apiv2.satel.sa/property/filter,2026-09-11
C0051,An Narjis,النرجس,Compounds,125000,138.0,3,3,Unfurnished,Available,Opal by Satel | Gated Living in Al Narjis,2026-03-17T20:01:00.811Z,https://apiv2.satel.sa/property/filter,2026-09-11
C0095,Al Olaya,العليا,Apartments,125000,120.0,2,3,Fully furnished,Available,Modren 3Beds Furnished Apartment with Gym - Al Olaya ,2026-08-26T09:13:47.045Z,https://apiv2.satel.sa/property/filter,2026-09-11
A0209,An Narjis,النرجس,Apartments,85000,91.0,3,3,Unfurnished,Rented out,New Apartment for Rent - 3 Bed in Al Narjis,2026-03-15T19:03:54.476Z,https://apiv2.satel.sa/property/filter,2026-09-11
C0074,Al Olaya,العليا,Apartments,77000,100.0,2,2,Unfurnished,Available,Unfurnished 2-Beds Family Apartment in a Prime Location,2026-07-06T10:24:52.797Z,https://apiv2.satel.sa/property/filter,2026-09-11
A0135,King Salman Neighborhood,,Apartments,75000,114.0,3,3,Unfurnished,Available,3 Beds Apartment in King Salman Neighborhood,2025-06-02T15:13:05.073Z,https://apiv2.satel.sa/property/filter,2026-09-11
C0075,Al Wurud,حي الورود,Apartments,70000,69.0,1,1,Partially furnished,Rented out,UnFurnished one Bedroom Apartment in Al Olaya ,2026-07-08T08:38:39.267Z,https://apiv2.satel.sa/property/filter,2026-09-11
C0099,Alyasmin,الياسمين,Floor,75000,0.0,3,4,Unfurnished,Available,3 Bedroom Floor for Rent in Al Yasmin | SATEL,2026-09-02T21:13:10.536Z,https://apiv2.satel.sa/property/filter,2026-09-11
A0017,Al Mohammadiyyah,,Apartments,105000,135.0,3,3,Unfurnished,Rented out,2 Bedrooms Apartment in Al Mohammadiyyah,2024-11-11T10:05:53.870Z,https://apiv2.satel.sa/property/filter,2026-09-11
C0073,Al Olaya,حي العليا,Apartments,90000,145.5,4,2,Unfurnished,Available,Large 4-Bedroom Apartment | Close to Kingdom Centre,2026-07-06T09:04:09.192Z,https://apiv2.satel.sa/property/filter,2026-09-11
C0090,Al Wurud,,Apartments,80000,61.0,1,1,Unfurnished,Available,Unfurnished one Bedroom Apartment With Terrace in Al Olaya ,2026-08-15T08:17:53.271Z,https://apiv2.satel.sa/property/filter,2026-09-11
A0224,Al Wurud,الورود,Apartments,130000,120.0,2,2,Fully furnished,Rented out,Furnished 2 Beds Family Apartment — Al Wurud,2026-04-27T13:49:14.351Z,https://apiv2.satel.sa/property/filter,2026-09-11
C0068,Al Aqiq,العقيق,Apartments,100000,90.0,2,2,Fully furnished,Available,2Beds Furnished Apartmen in Family Community Near KAFD  - Al Aqiq ,2026-06-15T07:42:45.311Z,https://apiv2.satel.sa/property/filter,2026-09-11
A0066,Al Wurud,الورود,Apartments,135000,130.0,2,3,Fully furnished,Rented out,Luxury Family Living Near Kingdom Tower & KAFD | Satel 116,2025-02-03T11:01:40.420Z,https://apiv2.satel.sa/property/filter,2026-09-11
C0076,At Taawun,التعاون,Apartments,85000,205.5,5,3,Partially furnished,Rented out,Unfurnished 5-Bedroom Family Apartment in a Prime Location – Al Taawun District,2026-07-11T07:37:15.703Z,https://apiv2.satel.sa/property/filter,2026-09-11
A0114,Al Malqa,الملقا,Apartments,90000,115.0,3,3,Unfurnished,Available,Al Malqa | 3BR Apartment with Integrated Amenities - Satel,2025-04-30T10:51:57.134Z,https://apiv2.satel.sa/property/filter,2026-09-11
A0227,Al Mohammadiyyah,,Apartments,140000,124.0,2,3,Fully furnished,Available,Furnished 2BR Apartment in Al Mohammadiyyah,2026-05-09T19:25:49.568Z,https://apiv2.satel.sa/property/filter,2026-09-11
A0202,Alyasmin,الياسمين,Apartments,80000,160.0,2,3,Fully furnished,Rented out,2 Bedrooms Apartment – Al Yasmin,2025-12-29T14:04:31.579Z,https://apiv2.satel.sa/property/filter,2026-09-11
A0165,Al Malaz,الملز,Compounds,73000,92.0,2,2,Fully furnished,Available,La Brise Community – 2 Beds for Rent,2025-08-03T08:10:14.610Z,https://apiv2.satel.sa/property/filter,2026-09-11
A0105,Al Malqa,النرجس,Apartments,90000,135.0,3,4,Unfurnished,Available,3 Bedrooms Apartment in Al Malqa,2025-04-21T13:51:17.322Z,https://apiv2.satel.sa/property/filter,2026-09-11
A0230,Al Olaya,العليا,Apartments,145000,112.0,2,4,Fully furnished,Available,Olaris Residence | Smart Living in Al Olaya,2026-05-24T19:41:06.067Z,https://apiv2.satel.sa/property/filter,2026-09-11
A0179,An Narjis,النرجس,Compounds,155000,130.0,3,3,Fully furnished,Available,Opal by Satel | Elevated Living in Al Narjis,2025-09-18T08:30:34.970Z,https://apiv2.satel.sa/property/filter,2026-09-11
C0017,Al Malqa,حي الملقا,Floor,175000,271.0,3,5,Unfurnished,Rented out,Floor in Al Malqa,2025-02-18T08:45:38.696Z,https://apiv2.satel.sa/property/filter,2026-09-11
C0045,As Sulimaniyah,حي السليمانية,Duplex,110000,148.0,3,2,Unfurnished,Rented out,Elevate Your Lifestyle – Modern Duplexes with Gym in Al Sulimaniyah,2026-03-15T20:25:04.175Z,https://apiv2.satel.sa/property/filter,2026-09-11
A0211,Al Aqiq,حي العقيق,Apartments,115000,117.0,2,3,Fully furnished,Available,New Furnished 3 Beds Apartment in Al Aqiq ,2026-03-17T19:11:21.729Z,https://apiv2.satel.sa/property/filter,2026-09-11
C0072,Al Olaya,العليا,Apartments,80000,106.5,3,3,Partially furnished,Available,Spacious Living & Greater Privacy Unfurnished Apartment in Al Olaya ,2026-07-06T08:33:23.963Z,https://apiv2.satel.sa/property/filter,2026-09-11
A0212,Al Wurud,الورود,Apartments,115000,137.0,2,2,Fully furnished,Rented out,2 Beds Apartment in Al Wurud,2026-03-17T19:38:31.503Z,https://apiv2.satel.sa/property/filter,2026-09-11
A0191,Al Wurud,الورود,Apartments,105000,137.0,2,2,Unfurnished,Rented out,New Apartment for Rent - 2 Beds,2025-10-20T09:33:31.994Z,https://apiv2.satel.sa/property/filter,2026-09-11
C0048,An Narjis,النرجس,Compounds,150000,140.0,3,4,Fully furnished,Available,Satel at Opal on Thoumamah Road - Furnished 3 Bedrooms Apartment,2026-03-17T20:00:38.183Z,https://apiv2.satel.sa/property/filter,2026-09-11
A0220,Al Olaya,حي العليا,Apartments,120000,120.0,2,3,Fully furnished,Rented out,2 Beds | Al Olaya — Your Apartment Has Its Own Gym,2026-04-08T10:20:29.025Z,https://apiv2.satel.sa/property/filter,2026-09-11
C0018,Al Malqa,حي الملقا,Duplex,185000,221.0,3,6,Unfurnished,Available,New Dublex for Rent,2025-02-18T09:23:21.401Z,https://apiv2.satel.sa/property/filter,2026-09-11
A0189,Al Aqiq,حي العقيق,Duplex,135000,268.0,3,3,Unfurnished,Rented out,Duplex | Al Aqiq — Stunning KAFD,2025-10-19T14:30:42.031Z,https://apiv2.satel.sa/property/filter,2026-09-11
A0213,An Nakheel,النخيل,Apartments,125000,133.0,3,4,Unfurnished,Available,Sun-Filled 3 Beds in Al Nakheel,2026-03-17T19:47:06.637Z,https://apiv2.satel.sa/property/filter,2026-09-11
A0217,Ar Rahmaniyyah,الرحمانية,Apartments,70000,57.0,2,2,Fully furnished,Available,2 Beds Furnished for Rent - Serviced Apartment,2026-03-17T21:07:11.887Z,https://apiv2.satel.sa/property/filter,2026-09-11
C0020,Irqah,عرقة,Duplex,85000,194.0,3,5,Fully furnished,Rented out,Duplex in Irqah,2025-06-02T09:25:55.793Z,https://apiv2.satel.sa/property/filter,2026-09-11
A0176,An Narjis,النرجس,Compounds,100000,107.0,2,4,Unfurnished,Available,Opal by Satel | Elevated Living in Al Narjis,2025-09-18T08:40:25.065Z,https://apiv2.satel.sa/property/filter,2026-09-11
A0200,Alyasmin,الياسمين,Apartments,100000,159.0,2,3,Unfurnished,Rented out,2 Bedrooms Apartment – Al Yasmin ,2025-12-09T14:24:41.308Z,https://apiv2.satel.sa/property/filter,2026-09-11
A0231,Al Malaz,الملز,Apartments,64000,90.0,3,3,Unfurnished,Available,3 Beds Apartment in Al Malaz,2026-06-02T10:08:39.802Z,https://apiv2.satel.sa/property/filter,2026-09-11
A0078,Al Mohammadiyyah,,Apartments,150000,120.0,3,3,Fully furnished,Rented out,3 Bedrooms Apartment in Al Mohammadiyah,2025-02-12T14:27:15.491Z,https://apiv2.satel.sa/property/filter,2026-09-11
C0056,An Narjis,النرجس,Compounds,110000,149.0,2,4,Unfurnished,Available,Opal by Satel | Gated Living in Al Narjis,2026-04-06T14:38:22.186Z,https://apiv2.satel.sa/property/filter,2026-09-11
C0062,An Narjis,النرجس,Floor,155000,160.0,3,4,Fully furnished,Rented out,New Floor in Al Narjis,2026-04-28T08:50:33.624Z,https://apiv2.satel.sa/property/filter,2026-09-11
A0190,Al Aqiq,حي العقيق,Apartments,138000,128.0,3,3,Fully furnished,Rented out,Duplex | Al Aqiq — A Statement Address​​​​​​​​​​​​​​​​,2025-10-19T15:19:25.183Z,https://apiv2.satel.sa/property/filter,2026-09-11
C0057,An Narjis,النرجس,Compounds,160000,148.0,3,4,Fully furnished,Available,Satel at Opal | New Furnished & Unfurnished Apartments,2026-04-06T15:02:52.607Z,https://apiv2.satel.sa/property/filter,2026-09-11
A0166,Al Malqa,حي الملقا,Apartments,90000,99.0,2,3,Fully furnished,Rented out,2 Master Bedrooms Apartment in Al Malqa,2025-08-11T14:54:53.744Z,https://apiv2.satel.sa/property/filter,2026-09-11
C0036,Al Wurud,الورود,Studio,65000,35.0,1,1,Fully furnished,Available,Studio - SATEL 107 in Al Wurud,2025-10-12T08:20:14.532Z,https://apiv2.satel.sa/property/filter,2026-09-11
A0226,At Taawun,التعاون,Apartments,90000,205.0,5,3,Unfurnished,Rented out,5 Beds Family Apartment in Al Taawun,2026-05-04T13:19:22.289Z,https://apiv2.satel.sa/property/filter,2026-09-11
C0044,Al Olaya,حي العليا,Floor,130000,80.0,3,3,Unfurnished,Rented out, New Residential Floor for Rent ,2026-03-15T19:28:43.633Z,https://apiv2.satel.sa/property/filter,2026-09-11
C0043,Al Wurud,الورود,Studio,55000,69.0,1,1,Fully furnished,Rented out,New Studio for Rent,2026-01-04T12:07:23.737Z,https://apiv2.satel.sa/property/filter,2026-09-11
A0222,Al Olaya,العليا,Apartments,115000,114.0,3,3,Unfurnished,Rented out,3 Bedrooms Apartment in Al Olaya,2026-04-26T09:21:09.187Z,https://apiv2.satel.sa/property/filter,2026-09-11
A0228,Al Mohammadiyyah,المحمدية,Apartments,120000,162.0,3,4,Unfurnished,Rented out,New Apartment in Al Mohammadiyyah - 3 Beds,2026-05-14T16:00:41.881Z,https://apiv2.satel.sa/property/filter,2026-09-11
C0061,An Narjis,النرجس,Compounds,140000,125.0,3,3,Fully furnished,Available,Satel at Opal on Thoumamah Road - Furnished 3 Bedrooms Apartment,2026-04-26T14:27:12.476Z,https://apiv2.satel.sa/property/filter,2026-09-11
A0107,Al Mohammadiyyah,,Apartments,155000,135.0,2,3,Fully furnished,Rented out,2 Bedrooms with In-Unit Office in Al Mohammadiyyah,2025-04-22T12:32:45.253Z,https://apiv2.satel.sa/property/filter,2026-09-11
V0045,Ar Rafiah,الرفيعة,Villas,220000,300.0,3,5,Fully furnished,Rented out,SATEL Rafilla Community | The Art of Executive Living in Riyadh,2026-04-06T12:17:32.254Z,https://apiv2.satel.sa/property/filter,2026-09-11
A0207,Hittin,حطين,Apartments,120000,156.0,2,3,Fully furnished,Rented out,2 Bedrooms Apartment in Hittin,2026-02-11T11:05:44.907Z,https://apiv2.satel.sa/property/filter,2026-09-11
V0043,Ar Rafiah,الرفيعة,Villas,205000,300.0,3,5,Unfurnished,Rented out,SATEL Rafilla community | The Art of Executive Living in Riyadh,2026-04-06T10:23:47.054Z,https://apiv2.satel.sa/property/filter,2026-09-11
V0042,Al Olaya,حي العليا,Villas,220000,200.0,4,5,Fully furnished,Rented out,Villa in Al Olaya,2026-02-02T11:03:20.218Z,https://apiv2.satel.sa/property/filter,2026-09-11
C0040,Al Mathar Ash Shamali,حي المعذر الشمالي,Studio,70000,40.0,1,1,Fully furnished,Rented out,Satel at La Cordia – Residential Living with Hotel-Level Standards,2025-11-30T13:34:18.990Z,https://apiv2.satel.sa/property/filter,2026-09-11
C0049,An Narjis,النرجس,Apartments,170000,149.0,2,3,Fully furnished,Available,Satel at Opal on Thoumamah Road - Furnished 2 Bedrooms Apartment,2026-03-17T20:21:14.964Z,https://apiv2.satel.sa/property/filter,2026-09-11
V0047,Ar Rafiah,الرفيعة,Villas,240000,300.0,3,5,Fully furnished,Rented out,Satel Rafilla Community | The Art of Executive Living in Riyadh,2026-05-14T14:52:57.628Z,https://apiv2.satel.sa/property/filter,2026-09-11
C0042,Al Wurud,الورود,Studio,72000,115.0,1,1,Fully furnished,Rented out,New Studio for Rent — Al Wurud,2025-12-30T13:39:54.590Z,https://apiv2.satel.sa/property/filter,2026-09-11
C0063,Al Malqa,الملقا,Floor,65000,150.0,5,4,Unfurnished,Rented out,Floor in Al Malqa | On Anas Ibn Malik Road,2026-05-11T10:59:48.096Z,https://apiv2.satel.sa/property/filter,2026-09-11
C0071,Al Olaya,العليا,Floor,65000,232.0,4,3,Partially furnished,Rented out,Family Floor for Rent in Al Olaya | Spacious 4BRs,2026-06-23T12:51:50.168Z,https://apiv2.satel.sa/property/filter,2026-09-11
C0070,Al Olaya,العليا,Floor,70000,232.0,4,3,Partially furnished,Available,Semi furnished Floor - Al Olaya ,2026-06-23T11:41:13.963Z,https://apiv2.satel.sa/property/filter,2026-09-11
A0198,Al Mathar Ash Shamali,حي المعذر الشمالي,Apartments,105000,79.0,2,1,Fully furnished,Rented out,Satel at La Cordia – Residential Living with Hotel-Level Standards,2025-11-30T09:49:31.465Z,https://apiv2.satel.sa/property/filter,2026-09-11
C0059,King Fahd,حي الملك فهد,Floor,90000,375.0,4,3,Unfurnished,Rented out,Floor in King Fahad District,2026-04-23T15:21:23.925Z,https://apiv2.satel.sa/property/filter,2026-09-11
A0229,Almasiaf,,Apartments,110000,157.0,3,4,Fully furnished,Rented out,Furnished 3 Beds Apartment — Al Masaif,2026-05-24T11:20:02.008Z,https://apiv2.satel.sa/property/filter,2026-09-11
C0041,Al Mathar Ash Shamali,حي المعذر الشمالي,Studio,65000,34.0,1,1,Fully furnished,Rented out,Studio With Balcony - La Cordia Suites in Al Ma’athar Al Shamali,2025-11-30T13:47:52.141Z,https://apiv2.satel.sa/property/filter,2026-09-11
A0219,Al Mathar Ash Shamali,المعذر الشمالي,Studio,95000,55.0,2,1,Fully furnished,Rented out,Satel at La Cordia – Residential Living with Hotel-Level Standards,2026-04-06T11:54:28.677Z,https://apiv2.satel.sa/property/filter,2026-09-11
V0034,An Nakheel,النخيل,Villas,200000,245.0,3,3,Fully furnished,Available,SATEL at Creative Community ,2025-10-27T06:15:16.357Z,https://apiv2.satel.sa/property/filter,2026-09-11
A0199,Al Malqa,حي الملقا,Apartments,120000,125.0,2,3,Fully furnished,Rented out,2 Beds with an In-Unit Office – Al Malqa,2025-12-09T13:57:36.248Z,https://apiv2.satel.sa/property/filter,2026-09-11
C0039,Al Mathar Ash Shamali,حي المعذر الشمالي,Studio,50000,23.0,1,1,Fully furnished,Rented out,Satel at La Cordia – Residential Living with Hotel-Level Standards,2025-11-30T12:49:35.287Z,https://apiv2.satel.sa/property/filter,2026-09-11
V0039,Ar Rahmaniyyah,حي الرحمانية,Villas,230000,200.0,2,3,Fully furnished,Available,Tuwaiq Complex Luxury Villa for Rent - Deluxe,2025-11-26T15:31:45.476Z,https://apiv2.satel.sa/property/filter,2026-09-11
A0232,Al Ghadir,الغدير,Apartments,64000,123.0,3,2,Unfurnished,Rented out,3 Bedrooms Apartment in Al Ghadir,2026-06-08T12:43:45.623Z,https://apiv2.satel.sa/property/filter,2026-09-11
V0040,Ar Rahmaniyyah,حي الرحمانية,Villas,210000,180.0,2,3,Fully furnished,Rented out,Tuwaiq Complex Luxury Villa for Rent - Executive ,2025-11-26T15:15:41.053Z,https://apiv2.satel.sa/property/filter,2026-09-11
V0038,Ar Rahmaniyyah,حي الرحمانية,Villas,250000,250.0,2,3,Fully furnished,Rented out,Tuwaiq Complex Luxury Villa for Rent - Royal,2025-11-26T15:29:18.825Z,https://apiv2.satel.sa/property/filter,2026-09-11
A0194,Al Wurud,,Apartments,120000,137.0,2,2,Fully furnished,Rented out,Furnished & Unfurnished Apartments in Al Wurud,2025-11-04T11:00:07.125Z,https://apiv2.satel.sa/property/filter,2026-09-11
V0046,Sedra,سدرة,Villas,380000,614.0,5,6,Unfurnished,Rented out,Villa in Sedra | Where Architecture Meets Home,2026-05-09T20:04:08.121Z,https://apiv2.satel.sa/property/filter,2026-09-11
C0038,Al Mathar Ash Shamali,حي المعذر الشمالي,Studio,60000,30.0,1,1,Fully furnished,Available,Satel at La Cordia – Residential Living with Hotel-Level Standards,2025-11-30T10:47:07.443Z,https://apiv2.satel.sa/property/filter,2026-09-11
C0054,An Narjis,النرجس,Compounds,120000,147.0,3,4,Unfurnished,Available,Satel at Opal on Thoumamah Road - 3 Beds Apartment,2026-04-06T13:41:13.462Z,https://apiv2.satel.sa/property/filter,2026-09-11
A0208,As Sahafah,الصحافة,Apartments,140000,144.0,2,2,Fully furnished,Rented out,2 Bedrooms Apartment in Al Sahafah,2026-02-12T14:48:44.178Z,https://apiv2.satel.sa/property/filter,2026-09-11
A0205,Al Malqa,الملقا,Apartments,70000,128.0,2,2,Unfurnished,Rented out,2 Bedrooms Apartment in Al Malqa,2026-02-01T15:29:14.027Z,https://apiv2.satel.sa/property/filter,2026-09-11
A0204,Al Olaya,العليا,Apartments,130000,108.0,3,4,Unfurnished,Rented out,3 Bedrooms Apartment in Al Sulimaniyah,2026-01-15T13:45:28.461Z,https://apiv2.satel.sa/property/filter,2026-09-11
A0203,Al Olaya,حي العليا,Apartments,125000,60.0,2,4,Unfurnished,Rented out,New 2 Beds Apartment in Al Olaya,2025-12-30T12:12:21.884Z,https://apiv2.satel.sa/property/filter,2026-09-11
A0215,Al Aqiq,العقيق,Apartments,70000,95.0,2,2,Unfurnished,Rented out,2 Beds in a Family Community for Rent - Al Aqiq,2026-03-17T19:49:58.493Z,https://apiv2.satel.sa/property/filter,2026-09-11
A0201,Al Muruj,,Apartments,110000,100.0,2,3,Fully furnished,Rented out,2 Beds Apartment with Private Entrance – Al Muruj,2025-12-17T13:48:25.755Z,https://apiv2.satel.sa/property/filter,2026-09-11
A0197,Al Malqa,حي الملقا,Apartments,105000,156.0,3,4,Unfurnished,Rented out,3 Bedrooms Apartment with Rooftop in Al Malqa,2025-11-12T09:46:29.286Z,https://apiv2.satel.sa/property/filter,2026-09-11
A0196,Al Malqa,الملقا,Apartments,100000,146.0,3,3,Fully furnished,Rented out,3 Bedrooms Apartment in Al Malqa,2025-11-11T12:42:17.701Z,https://apiv2.satel.sa/property/filter,2026-09-11
V0010,At Taawun,التعاون,Villas,180000,320.0,4,5,Fully furnished,Rented out,Villa in Al Taawun,2024-12-19T09:10:25.926Z,https://apiv2.satel.sa/property/filter,2026-09-11
A0089,An Narjis,حي النرجس,Apartments,70000,128.0,3,3,Unfurnished,Rented out,3 Bedrooms Apartment in Al Narjis,2025-03-27T20:26:14.433Z,https://apiv2.satel.sa/property/filter,2026-09-11
A0214,Ar Rahmaniyyah,الرحمانية,Apartments,70000,57.0,2,2,Fully furnished,Available,2 Beds Furnished for Rent - Serviced Apartment,2026-03-17T19:48:36.026Z,https://apiv2.satel.sa/property/filter,2026-09-11
V0037,An Nada,حي الندى,Villas,230000,396.0,7,9,Unfurnished,Rented out,Villa in Al Nada,2025-11-02T16:33:23.522Z,https://apiv2.satel.sa/property/filter,2026-09-11
A0195,Al Malqa,الملقا,Apartments,158000,93.0,1,3,Fully furnished,Rented out,Apartment with Spacious Layout — Al Malqa,2025-11-08T15:34:09.309Z,https://apiv2.satel.sa/property/filter,2026-09-11
V0036,An Nakheel,النخيل,Villas,200000,245.0,3,3,Fully furnished,Available,Creative Community | Luxury | Leisure | Location ,2025-10-27T10:43:26.600Z,https://apiv2.satel.sa/property/filter,2026-09-11
A0192,An Nakheel,حي النخيل,Apartments,135000,149.0,3,4,Unfurnished,Rented out,3 Bedrooms with Rooftop in Al Nakhil,2025-10-22T13:41:07.121Z,https://apiv2.satel.sa/property/filter,2026-09-11
A0188,As Sulimaniyah,العليا,Apartments,115000,144.0,3,3,Unfurnished,Rented out,3 Bedrooms Apartment in Al Sulimaniyah,2025-10-19T13:04:32.350Z,https://apiv2.satel.sa/property/filter,2026-09-11
A0186,Al Aqiq,حي العقيق,Apartments,105000,121.0,2,3,Unfurnished,Rented out,2 Master Bedrooms Apartment in Al Aqiq,2025-10-12T09:32:05.520Z,https://apiv2.satel.sa/property/filter,2026-09-11
A0210,Hittin,حطين,Apartments,110000,126.0,1,2,Fully furnished,Rented out,Furnished 1 Bed Apartment in Hittin,2026-03-15T19:43:48.110Z,https://apiv2.satel.sa/property/filter,2026-09-11
A0154,Jarir,جرير,Apartments,80000,114.0,2,3,Unfurnished,Rented out,2 Bedrooms Apartment in Jarir District,2025-07-16T07:45:21.812Z,https://apiv2.satel.sa/property/filter,2026-09-11
A0185,Al Mathar Ash Shamali,المعذر الشمالي,Apartments,135000,122.0,3,4,Fully furnished,Rented out,Furnished 3 Beds Apartment in Al Ma’athar Al Shamali,2025-10-12T08:41:40.225Z,https://apiv2.satel.sa/property/filter,2026-09-11
A0184,Al Mathar Ash Shamali,المعذر الشمالي,Apartments,125000,111.0,3,3,Fully furnished,Rented out,Furnished 3 Beds Apartment in Al Ma’athar Al Shamali,2025-10-12T07:53:30.500Z,https://apiv2.satel.sa/property/filter,2026-09-11
C0035,Al Olaya,العليا,Floor,140000,143.0,3,3,Unfurnished,Rented out,GF For Rent in Al Olaya - New,2025-10-06T12:39:28.361Z,https://apiv2.satel.sa/property/filter,2026-09-11
A0183,Al Malqa,حي الملقا,Apartments,90000,130.0,3,4,Unfurnished,Rented out,3 Bedrooms Apartment in Al Malqa,2025-10-01T15:18:31.203Z,https://apiv2.satel.sa/property/filter,2026-09-11
A0182,Al Olaya,حي العليا,Apartments,120000,120.0,3,3,Fully furnished,Rented out,Furnished 2 Beds Family Apartment — Al Olaya,2025-09-28T12:26:14.033Z,https://apiv2.satel.sa/property/filter,2026-09-11
A0181,Al Olaya,حي العليا,Apartments,125000,120.0,2,3,Fully furnished,Rented out,2 Beds | Private Gym & Workspace — Al Olaya ,2025-09-28T10:46:21.710Z,https://apiv2.satel.sa/property/filter,2026-09-11
A0180,Ar Rahmaniyyah,الرحمانية,Apartments,50000,460.0,2,2,Unfurnished,Rented out,2 Bedrooms Apartment in Villa - Al Rahmaniyah,2025-09-28T08:49:21.096Z,https://apiv2.satel.sa/property/filter,2026-09-11
A0174,An Narjis,النرجس,Compounds,105000,113.0,1,3,Fully furnished,Rented out,Satel at Opal on Thoumamah Road - Furnished 1 Bedroom Apartment,2025-09-18T08:43:10.442Z,https://apiv2.satel.sa/property/filter,2026-09-11
A0178,An Narjis,النرجس,Compounds,130000,107.0,2,4,Fully furnished,Rented out,Satel at Opal on Thoumamah Road - Furnished 2 Bedrooms Apartment,2025-09-18T08:33:35.307Z,https://apiv2.satel.sa/property/filter,2026-09-11
A0221,Al Olaya,العليا,Apartments,115000,114.0,3,3,Unfurnished,Rented out,3 Bedrooms Apartment in Al Olaya,2026-04-23T18:50:01.267Z,https://apiv2.satel.sa/property/filter,2026-09-11
A0140,Al Murabba,المربع,Apartments,100000,106.0,2,3,Unfurnished,Rented out,2 Bedrooms Apartment in Al Murabba,2025-06-24T11:05:34.640Z,https://apiv2.satel.sa/property/filter,2026-09-11
A0170,Ar Rawdah,الروضة,Apartments,75000,129.0,3,3,Unfurnished,Rented out,3 Bedrooms Apartment in Al Rawdah,2025-09-11T10:43:33.898Z,https://apiv2.satel.sa/property/filter,2026-09-11
A0169,Qurtubah,حي قرطبة,Apartments,110000,157.0,2,3,Fully furnished,Rented out,2 Bedrooms Apartment in Qurtubah,2025-09-10T14:40:08.579Z,https://apiv2.satel.sa/property/filter,2026-09-11
A0096,Al Wadi,الوادي,Apartments,95000,103.0,3,3,Unfurnished,Rented out,3 Bedrooms Apartment in Al Wadi,2025-04-09T14:44:02.574Z,https://apiv2.satel.sa/property/filter,2026-09-11
A0218,Al Olaya,حي العليا,Apartments,75000,120.0,2,2,Unfurnished,Rented out,2 Beds with an In-Unit Office in Al Olaya,2026-03-18T16:46:57.818Z,https://apiv2.satel.sa/property/filter,2026-09-11
A0171,Al Aqiq,العقيق,Apartments,105000,100.0,2,2,Fully furnished,Rented out,2 Beds Furnished in a Family Community for Rent - Al Aqiq,2025-09-15T12:44:30.822Z,https://apiv2.satel.sa/property/filter,2026-09-11
C0032,An Nuzhah,النزهة,Duplex,120000,259.0,3,5,Unfurnished,Rented out,Duplex in Al Nuzhah,2025-09-11T09:37:38.363Z,https://apiv2.satel.sa/property/filter,2026-09-11
A0127,King Salman Neighborhood,,Apartments,85000,123.0,3,3,Unfurnished,Rented out,3 Beds Apartment in King Salman Neighborhood,2025-05-19T11:02:28.369Z,https://apiv2.satel.sa/property/filter,2026-09-11
C0033,Alyasmin,الياسمين,Duplex,140000,108.0,3,4,Unfurnished,Rented out,Duplex in Al Yasmin,2025-09-14T14:01:04.197Z,https://apiv2.satel.sa/property/filter,2026-09-11
C0031,Al Aqiq,حي العقيق,Duplex,220000,280.0,3,3,Fully furnished,Rented out,New Duplex in Al Aqiq,2025-08-27T07:02:39.169Z,https://apiv2.satel.sa/property/filter,2026-09-11
A0167,Al Qirawan,القيروان,Apartments,65000,110.0,3,3,Unfurnished,Rented out,3 Bedrooms Apartment in Al Qairawan,2025-08-24T07:51:08.240Z,https://apiv2.satel.sa/property/filter,2026-09-11
C0029,As Sahafah,حي الصحافة,Duplex,210000,236.0,5,3,Fully furnished,Rented out,5 Beds Duplex in Al Sahafah,2025-08-11T13:39:31.525Z,https://apiv2.satel.sa/property/filter,2026-09-11
A0163,Al Malaz,الملز,Compounds,58000,62.0,1,2,Unfurnished,Rented out,SATEL at La Brise – 1 Bedroom Apartment,2025-08-03T07:36:47.166Z,https://apiv2.satel.sa/property/filter,2026-09-11
A0161,Al Malaz,الملز,Compounds,65000,94.0,2,2,Unfurnished,Rented out,SATEL at La Brise – 2 Bedrooms Apartment,2025-07-30T12:57:45.833Z,https://apiv2.satel.sa/property/filter,2026-09-11
A0168,Al Ghadir,حي الغدير,Apartments,63000,150.0,3,2,Unfurnished,Available,3 Bedrooms Apartment in Al Ghadir,2025-08-24T08:39:32.784Z,https://apiv2.satel.sa/property/filter,2026-09-11
A0160,Ar Rahmaniyyah,حي الرحمانية,Apartments,150000,115.0,2,3,Unfurnished,Rented out,2 Bedrooms Apartment in Al Rahmaniyyah,2025-07-27T08:04:48.538Z,https://apiv2.satel.sa/property/filter,2026-09-11
A0079,Hittin,حي حطين,Apartments,75000,143.0,3,3,Unfurnished,Rented out,3 Bedrooms Apartment in Hittin,2025-02-13T08:06:08.080Z,https://apiv2.satel.sa/property/filter,2026-09-11
A0158,Al Aqiq,حي العقيق,Apartments,90000,125.0,3,3,Unfurnished,Rented out,New Apartment in Al Aqiq - 3 Beds,2025-07-23T09:43:28.629Z,https://apiv2.satel.sa/property/filter,2026-09-11
A0157,Al Aqiq,العقيق,Apartments,100000,125.0,3,3,Unfurnished,Rented out,New Furnished 3 Beds Apartment in Al Aqiq ,2025-07-23T09:25:30.510Z,https://apiv2.satel.sa/property/filter,2026-09-11
A0147,As Sahafah,حي الصحافة,Duplex,220000,165.0,3,2,Fully furnished,Rented out,New Duplex in Al Sahafah,2025-07-01T08:25:27.233Z,https://apiv2.satel.sa/property/filter,2026-09-11
A0146,As Sahafah,حي الصحافة,Apartments,145000,112.0,2,2,Fully furnished,Rented out,Furnished Apartment | 10th Floor Tower Living,2025-06-30T14:17:10.229Z,https://apiv2.satel.sa/property/filter,2026-09-11
V0031,Al Malaz,الملز,Floor,60000,312.0,2,2,Unfurnished,Rented out,2 Bedrooms in Al Malaz,2025-07-02T10:30:43.540Z,https://apiv2.satel.sa/property/filter,2026-09-11
A0144,As Sahafah,الصحافة,Duplex,300000,188.0,3,4,Fully furnished,Rented out,Duplex in Al Sahafah,2025-06-29T14:30:15.803Z,https://apiv2.satel.sa/property/filter,2026-09-11
A0141,Al Malqa,الملقا,Apartments,75000,110.0,3,3,Fully furnished,Rented out,3 Bedrooms Apartment in Al Malqa,2025-06-24T14:46:00.191Z,https://apiv2.satel.sa/property/filter,2026-09-11
A0139,Al Mathar Ash Shamali,حي المعذر الشمالي,Apartments,110000,111.0,3,3,Unfurnished,Rented out,3 Beds Apartment in Al Ma’athar Al Shamali,2025-06-23T12:09:16.479Z,https://apiv2.satel.sa/property/filter,2026-09-11
A0138,Ar Rahmaniyyah,الرحمانية,Apartments,70000,57.0,2,2,Fully furnished,Available,2 Beds | Serviced Apartments in Al Rahmaniyah,2025-06-18T14:45:40.961Z,https://apiv2.satel.sa/property/filter,2026-09-11
A0206,Al-Aqiq,,Apartments,120000,106.0,2,3,Fully furnished,Rented out,2 Bedrooms Apartment in Al Aqiq,2026-02-11T10:27:38.895Z,https://apiv2.satel.sa/property/filter,2026-09-11
A0131,Al Aarid,العارض,Apartments,95000,100.0,3,3,Fully furnished,Rented out,3 Bedrooms Apartment in Al Arid,2025-05-26T17:40:02.494Z,https://apiv2.satel.sa/property/filter,2026-09-11
A0129,Ar Rimal,الرمال,Apartments,73000,142.0,3,3,Partially furnished,Rented out,Furnished 3 Bedrooms Apartment in Al Rimal,2025-05-22T12:12:08.745Z,https://apiv2.satel.sa/property/filter,2026-09-11
C0021,As Sahafah,الصحافة,Duplex,220000,191.0,3,3,Fully furnished,Rented out,"Duplex | 19th Floor, Al Sahafah",2025-06-30T07:31:48.752Z,https://apiv2.satel.sa/property/filter,2026-09-11
C0024,Al Malaz,الملز,Floor,100000,312.0,3,3,Unfurnished,Rented out,New Floor in Al Malaz,2025-07-02T10:11:38.131Z,https://apiv2.satel.sa/property/filter,2026-09-11
A0172,Al Wurud,الورود,Apartments,95000,137.0,2,2,Unfurnished,Rented out,Furnished & Unfurnished Apartments in Al Wurud,2025-09-11T14:32:55.273Z,https://apiv2.satel.sa/property/filter,2026-09-11
A0143,Al Malaz,حي الملز,Apartments,72000,130.0,3,3,Partially furnished,Rented out,3 Bedrooms Apartment in Al Malaz ,2025-06-25T13:01:16.398Z,https://apiv2.satel.sa/property/filter,2026-09-11
A0152,Al Olaya,حي العليا,Apartments,73000,120.0,2,2,Unfurnished,Rented out,2 Bedrooms Apartment in Al Olaya,2025-07-14T10:38:51.203Z,https://apiv2.satel.sa/property/filter,2026-09-11
A0126,Al Murabba,المربع,Apartments,90000,101.0,2,3,Unfurnished,Rented out,2 Master Bedrooms in Al Murabaa,2025-05-19T06:30:09.519Z,https://apiv2.satel.sa/property/filter,2026-09-11
A0124,Alyasmin,الياسمين,Apartments,85000,129.0,3,3,Unfurnished,Rented out,3 Bedrooms Apartment in Al Yasmin,2025-05-18T14:53:14.501Z,https://apiv2.satel.sa/property/filter,2026-09-11
A0117,Al Aqiq,,Apartments,145000,145.0,3,3,Fully furnished,Rented out,Furnished 3 Bedrooms Apartment in Al Aqiq — New,2025-05-05T14:39:20.911Z,https://apiv2.satel.sa/property/filter,2026-09-11
A0116,An Nakheel,النخيل,Apartments,155000,130.0,3,4,Unfurnished,Rented out,3 Master Bedrooms Apartment — 15th Floor | Al Nakheel,2025-05-05T08:30:18.642Z,https://apiv2.satel.sa/property/filter,2026-09-11
A0113,Al Mohammadiyyah,,Apartments,150000,124.0,2,3,Fully furnished,Rented out,2 Bedrooms Apartment in Al Mohammadiyyah,2025-04-30T08:29:42.072Z,https://apiv2.satel.sa/property/filter,2026-09-11
A0173,Al Olaya,حي العليا,Apartments,90000,120.0,2,2,Fully furnished,Rented out,"2 Beds | Live, Work & Train — Al Olaya",2025-09-17T09:05:59.593Z,https://apiv2.satel.sa/property/filter,2026-09-11
V0029,Al Aarid,حي العارض,Villas,145000,360.0,4,6,Unfurnished,Rented out,Villa in Al Arid,2025-04-16T09:18:21.202Z,https://apiv2.satel.sa/property/filter,2026-09-11
A0101,Al Malqa,حي الملقا,Apartments,90000,128.0,3,3,Fully furnished,Rented out,Furnished 3 Beds Apartment in Al Malqa,2025-04-13T15:56:41.040Z,https://apiv2.satel.sa/property/filter,2026-09-11
A0100,Aarid,حي العارض,Apartments,90000,102.0,2,3,Unfurnished,Rented out,2 Master Bedrooms Apartment — Al Arid,2025-04-13T15:14:06.655Z,https://apiv2.satel.sa/property/filter,2026-09-11
A0098,As Sulimaniyah,السليمانية,Apartments,160000,104.0,3,3,Fully furnished,Rented out,3 Bedrooms Apartment in Al Sulimaniyah,2025-04-12T10:56:31.612Z,https://apiv2.satel.sa/property/filter,2026-09-11
C0019,Al Wurud,الورود,Studio,75000,77.0,1,1,Fully furnished,Available,New Studio for Rent — Al Wurud,2025-04-08T10:13:43.931Z,https://apiv2.satel.sa/property/filter,2026-09-11
A0095,Qurtubah,قرطبة,Apartments,80000,151.0,3,4,Unfurnished,Rented out,3 Master Bedrooms Apartment — Qurtubah,2025-04-07T14:40:02.661Z,https://apiv2.satel.sa/property/filter,2026-09-11
A0091,An Nakheel,النخيل,Apartments,170000,121.0,2,3,Unfurnished,Rented out,2 Bedrooms Apartment in Al Nakheel,2025-04-03T13:04:45.399Z,https://apiv2.satel.sa/property/filter,2026-09-11
A0087,An Narjis,النرجس,Apartments,70000,147.0,3,3,Unfurnished,Rented out,3 Bedrooms Apartment in Al Narjis,2025-03-26T10:47:52.617Z,https://apiv2.satel.sa/property/filter,2026-09-11
V0028,Ar Rabwah,الربوة,Villas,230000,350.0,4,7,Unfurnished,Rented out,Villa in Al Rabwah,2025-02-19T12:21:17.865Z,https://apiv2.satel.sa/property/filter,2026-09-11
A0081,Al Malqa,حي الملقا,Apartments,110000,139.0,3,4,Fully furnished,Rented out,Furnished 3 Beds Apartment in Al Malqa,2025-02-19T08:55:34.993Z,https://apiv2.satel.sa/property/filter,2026-09-11
A0077,Hittin,حطين,Apartments,75000,130.0,3,4,Unfurnished,Rented out,3 Bedrooms Apartment in Hittin,2025-02-12T13:40:22.816Z,https://apiv2.satel.sa/property/filter,2026-09-11
C0016,At Taawun,التعاون,Floor,80000,135.0,3,3,Unfurnished,Rented out,New Floor in Al Taawun,2025-02-12T12:49:11.154Z,https://apiv2.satel.sa/property/filter,2026-09-11
C0015,At Taawun,التعاون,Floor,90000,140.0,3,3,Unfurnished,Rented out,GF in Al Taawun — New,2025-02-12T10:19:49.863Z,https://apiv2.satel.sa/property/filter,2026-09-11
A0072,As Sulimaniyah,العليا,Apartments,120000,130.0,3,3,Unfurnished,Rented out,3 Bedrooms Apartment in Al Sulimaniyah,2025-02-06T09:10:20.854Z,https://apiv2.satel.sa/property/filter,2026-09-11
A0069,Al Olaya,حي العليا,Apartments,70000,120.0,3,2,Unfurnished,Rented out,Furnished 2 Beds Apartment in Al Olaya,2025-02-04T09:24:24.660Z,https://apiv2.satel.sa/property/filter,2026-09-11
C0009,Al Mohammadiyyah,,Apartments,160000,120.0,2,3,Fully furnished,Rented out,2 Beds Apartment in Al Mohammadiyyah,2025-01-09T13:54:41.040Z,https://apiv2.satel.sa/property/filter,2026-09-11
V0024,An Narjis,النرجس,Villas,120000,205.0,3,5,Fully furnished,Rented out, Villa in Al Narjis,2025-01-07T08:01:44.325Z,https://apiv2.satel.sa/property/filter,2026-09-11
A0075,An Nakheel,حي النخيل,Apartments,125000,169.0,3,3,Unfurnished,Rented out,3 Beds Apartment in Al Nakheel,2024-12-24T09:40:22.547Z,https://apiv2.satel.sa/property/filter,2026-09-11
C0006,As Sulimaniyah,السليمانية,Duplex,149999,148.0,3,2,Fully furnished,Rented out,Elevate Your Lifestyle – New Duplexes with Gym in Al Sulimaniyah,2024-12-24T07:45:19.452Z,https://apiv2.satel.sa/property/filter,2026-09-11
C0004,As Sulimaniyah,السليمانية,Duplex,110000,148.0,3,3,Unfurnished,Rented out,Satel Duplexes – Al Sulaymaniyah,2024-12-24T07:37:51.641Z,https://apiv2.satel.sa/property/filter,2026-09-11
V0022,Al Olaya,العليا,Villas,220000,195.0,4,3,Unfurnished,Rented out,Villa in Al Olaya,2024-12-19T16:21:44.082Z,https://apiv2.satel.sa/property/filter,2026-09-11
V0021,Al Olaya,العليا,Villas,200000,190.0,4,3,Unfurnished,Rented out,Villa in Al Olaya,2024-12-19T16:19:44.733Z,https://apiv2.satel.sa/property/filter,2026-09-11
A0059,An Nafal,,Apartments,175000,140.0,2,3,Fully furnished,Rented out,Villa with 3 Beds in Al Nafal,2024-12-19T16:12:17.176Z,https://apiv2.satel.sa/property/filter,2026-09-11
A0056,Qurtubah,قرطبة,Apartments,90000,125.0,4,3,Fully furnished,Rented out,New 4 Beds Apartment in Qurtubah,2024-12-19T15:36:20.952Z,https://apiv2.satel.sa/property/filter,2026-09-11
A0055,Al Qirawan,القيروان,Floor,85000,135.0,2,2,Unfurnished,Rented out,Floor in Al Qirawan,2024-12-19T15:22:17.100Z,https://apiv2.satel.sa/property/filter,2026-09-11
V0017,Al Muruj,حي المروج,Villas,270000,312.0,5,9,Unfurnished,Rented out,Villa in Al Muruj,2024-12-19T14:38:02.942Z,https://apiv2.satel.sa/property/filter,2026-09-11
V0014,Al Malaz,الملز,Villas,190000,320.0,4,4,Unfurnished,Rented out,Villa in Al Malaz,2024-12-19T12:44:00.167Z,https://apiv2.satel.sa/property/filter,2026-09-11
A0047,Al Olaya,العليا,Apartments,65000,100.0,2,3,Unfurnished,Rented out,2 Bedrooms Apartment in Al Olaya,2024-12-19T12:22:06.741Z,https://apiv2.satel.sa/property/filter,2026-09-11
A0046,حي الملقا,حي الملقا,Apartments,125000,137.0,3,4,Unfurnished,Rented out,3 Bedrooms Apartment in Al Malqa,2024-12-19T11:52:15.745Z,https://apiv2.satel.sa/property/filter,2026-09-11
V0009,Al Olaya,العليا,Villas,250000,300.0,4,6,Unfurnished,Rented out,Villa in Al Olaya,2024-12-19T09:40:25.125Z,https://apiv2.satel.sa/property/filter,2026-09-11
A0038,Al Mathar Ash Shamali,,Apartments,105000,137.0,3,3,Partially furnished,Rented out,3 Bedrooms Apartment in Al Mathar Al Shamali,2024-12-19T07:05:54.909Z,https://apiv2.satel.sa/property/filter,2026-09-11
A0039,Al Mathar Ash Shamali,أم الحمام الشرقي,Apartments,90000,134.0,3,3,Unfurnished,Rented out,3 Bedrooms Apartment in Al Mathar Al Shamali,2024-12-19T06:46:33.754Z,https://apiv2.satel.sa/property/filter,2026-09-11
A0040,Hittin,حطين,Apartments,90000,115.0,3,3,Fully furnished,Rented out,3 Bedrooms Apartment in Hittin,2024-12-19T06:32:35.604Z,https://apiv2.satel.sa/property/filter,2026-09-11
V0004,Sedra,سدرة,Villas,90000,300.0,3,4,Unfurnished,Rented out,Villa in Sedra,2024-11-11T11:06:24.129Z,https://apiv2.satel.sa/property/filter,2026-09-11
A0020,An Nakheel,النخيل,Apartments,125000,135.0,3,4,Unfurnished,Rented out,Sun-Filled 3 Beds Apartment in Al Nakheel,2024-11-11T09:21:55.530Z,https://apiv2.satel.sa/property/filter,2026-09-11
A0029,Al Wurud,الورود,Apartments,90000,80.0,1,1,Fully furnished,Rented out,Furnished & Unfurnished Apartments in Al Wurud,2024-11-11T08:23:22.300Z,https://apiv2.satel.sa/property/filter,2026-09-11
C0083,Al Olaya,العليا,Apartments,70000,80.0,2,2,Partially furnished,Available,Unfurnished 4-Bedrooms Apartment  on Al Olaya – Satel,2026-07-25T11:30:36.836Z,https://apiv2.satel.sa/property/filter,2026-09-11
C0092,Al Olaya,العليا,Apartments,125000,120.0,2,2,Fully furnished,Available,2BR Furnished Apartment With Office in Al Olaya ,2026-08-24T11:15:04.032Z,https://apiv2.satel.sa/property/filter,2026-09-11
C0093,Al Olaya,العليا,Apartments,120000,120.0,3,3,Fully furnished,Available,3BR With Office Space Near To Kingdome Tower ,2026-08-24T12:16:33.243Z,https://apiv2.satel.sa/property/filter,2026-09-11
C0097,Alyasmin,الياسمين,Apartments,100000,110.0,3,3,Fully furnished,Available,3BR Fully Furnished Apartment in Al Yassmin ,2026-08-30T14:02:27.059Z,https://apiv2.satel.sa/property/filter,2026-09-11
C0100,حي الملز,حي الملز,Apartments,65000,90.0,2,2,Partially furnished,Available,Spacious 3 Beds Apartment in Al Malaz,2026-09-09T12:38:45.811Z,https://apiv2.satel.sa/property/filter,2026-09-11
